seed,experimentVersion,status,budgetResidualCubicMeters,reason
profile-00,seeded-multi-entry-network-3,accepted,4,
profile-01,seeded-multi-entry-network-3,accepted,-22,
profile-02,seeded-multi-entry-network-3,accepted,-20,
profile-03,seeded-multi-entry-network-3,accepted,8,
profile-04,seeded-multi-entry-network-3,accepted,2,
profile-05,seeded-multi-entry-network-3,accepted,-3,
profile-06,,rejectedDuringPreparation,,Expanded network exceeds its duplicated curve-column budget.
profile-07,seeded-multi-entry-network-3,accepted,-6,
profile-08,seeded-multi-entry-network-3,accepted,-14,
profile-09,seeded-multi-entry-network-3,accepted,16,
profile-10,seeded-multi-entry-network-3,accepted,14,
profile-11,seeded-multi-entry-network-3,accepted,-2,
profile-12,seeded-multi-entry-network-3,accepted,-1,
profile-13,seeded-multi-entry-network-3,accepted,-15,
profile-14,seeded-multi-entry-network-3,accepted,11,
profile-15,seeded-multi-entry-network-3,accepted,-11,
profile-16,,rejectedDuringPreparation,,Expanded network exceeds its duplicated curve-column budget.
profile-17,,rejectedDuringPreparation,,Expanded network exceeds its duplicated curve-column budget.
profile-18,seeded-multi-entry-network-3,accepted,22,
profile-19,seeded-multi-entry-network-3,accepted,6,
