seed,subdivision,regions,branches,maximum_depth,ambiguous_branches,matrix_entries,curve_column_references
first-light,0,12,1,0,0,1,12
first-light,1,42,9,3,0,81,72
first-light,2,162,42,11,4,1764,879
first-light,3,642,112,21,11,12544,7380
first-light,5,10242,451,66,21,203401,411318
first-light,6,40962,589,97,7,346921,2589588
readiness-00,3,642,93,21,4,8649,7413
readiness-01,3,642,95,21,3,9025,6490
readiness-02,3,642,98,21,8,9604,7556
readiness-03,3,642,115,25,7,13225,8472
readiness-04,3,642,95,21,12,9025,7462
readiness-05,3,642,98,23,4,9604,7415
readiness-06,3,642,106,28,11,11236,9374
readiness-07,3,642,91,16,9,8281,5635
readiness-08,3,642,102,26,12,10404,8995
readiness-09,3,642,102,20,12,10404,5286
readiness-10,3,642,89,22,8,7921,6949
readiness-11,3,642,80,19,6,6400,5711
readiness-12,3,642,104,22,11,10816,7365
readiness-13,3,642,85,21,3,7225,7156
readiness-14,3,642,94,21,3,8836,7818
readiness-15,3,642,85,23,7,7225,6526
readiness-16,3,642,109,31,11,11881,10438
readiness-17,3,642,81,20,7,6561,6133
readiness-18,3,642,87,18,5,7569,6622
readiness-19,3,642,86,19,3,7396,6368
